,Term1,Term2,Term3,Term4
0,toracotomia,pecho,onicectomia,piel
1,laringotraqueoscopia,laringe,dermoabrasion,piel
2,magnetoencefalografia,cerebro,esofagogastroduodenoscopia,esofago
3,rinoplastia,nariz,artroscopia,articulaciones
4,retinoscopia,ojo,histeroscopia,utero
5,tiroidectomia,cuello,esplenectomia,bazo
6,esofagogastroduodenoscopia,duodeno,clitoridectomia,clitoris
7,rinoplastia,nariz,prostatectomia,prostata
8,onicectomia,piel,dermoabrasion,piel
9,prostatectomia,prostata,aortografia,aorta
10,toracotomia,pecho,artroplastia,articulaciones
11,hepatectomia,higado,artroplastia,articulaciones
12,colpoplastia,vagina,esofagogastroduodenoscopia,esofago
13,esplenectomia,bazo,histerectomia,utero
14,magnetoencefalografia,cerebro,histerectomia,utero
15,mamectomia,mama,dermoabrasion,piel
16,onicectomia,piel,queratoplastia,cornea
17,paratiroidectomia,glandula,histeroscopia,utero
18,retinoscopia,ojo,nefrectomia,riñon
19,prostatectomia,prostata,clitoridectomia,clitoris
20,pancreatectomia,pancreas,clitoridectomia,clitoris
21,tiroidectomia,cuello,artroplastia,articulaciones
22,pancreatectomia,pancreas,orquiectomia,testiculo
23,tiroidectomia,glandula,salpingooforectomia,ovario
24,onicectomia,piel,histeroscopia,utero
25,salpingooforectomia,ovario,hepatectomia,higado
26,esofagogastroduodenoscopia,esofago,artroplastia,articulaciones
27,onicectomia,piel,mamografia,mama
28,mamografia,mama,histeroscopia,utero
29,peritoneoscopia,abdomen,esofagogastroduodenoscopia,duodeno
30,pancreatectomia,pancreas,ecocardiografia,corazon
31,tiroidectomia,glandula,artroplastia,articulaciones
32,lobotomia,cerebelo,laringectomia,laringe
33,hepatectomia,higado,aortografia,aorta
34,orquiectomia,testiculo,ecocardiografia,corazon
35,ventriculostomia,cerebro,toracotomia,pecho
36,salpingooforectomia,ovario,mamografia,mama
37,paratiroidectomia,glandula,apendicectomia,apendice
38,prostatectomia,prostata,queratoplastia,cornea
39,rinoplastia,nariz,nefrectomia,riñon
40,orquiectomia,testiculo,dermoabrasion,piel
41,orquiectomia,testiculo,queratoplastia,cornea
42,onicectomia,piel,esofagogastroduodenoscopia,esofago
43,onicectomia,piel,artroscopia,articulaciones
44,ventriculostomia,cerebro,salpingooforectomia,ovario
45,lobotomia,cerebelo,dermoabrasion,piel
46,peritoneoscopia,abdomen,ecocardiografia,corazon
47,onicectomia,piel,esofagogastroduodenoscopia,duodeno
48,esofagogastroduodenoscopia,esofago,clitoridectomia,clitoris
49,retinoscopia,ojo,clitoridectomia,clitoris
50,pancreatectomia,pancreas,celiotomia,peritoneo
51,histeroscopia,utero,ecocardiografia,pecho
52,prostatectomia,prostata,celiotomia,peritoneo
53,tiroidectomia,cuello,laringotraqueoscopia,laringe
54,tiroidectomia,cuello,esofagogastroduodenoscopia,duodeno
55,rinoplastia,nariz,ecocardiografia,pecho
56,orquiectomia,testiculo,artroplastia,articulaciones
57,prostatectomia,prostata,ecocardiografia,pecho
58,retinoscopia,ojo,artroscopia,articulaciones
59,laringectomia,laringe,aortografia,aorta
60,pancreatectomia,pancreas,nefrectomia,riñon
61,rinoplastia,nariz,laringotraqueoscopia,laringe
62,paratiroidectomia,glandula,laringotraqueoscopia,laringe
63,histerectomia,utero,apendicectomia,apendice
64,retinoscopia,ojo,lobotomia,cerebro
65,toracotomia,pecho,esofagogastroduodenoscopia,duodeno
66,histerectomia,utero,dermoabrasion,piel
67,nefrectomia,riñon,peritoneoscopia,abdomen
68,esplenectomia,bazo,orquiectomia,testiculo
69,ventriculostomia,cerebro,rinoplastia,nariz
70,tiroidectomia,cuello,ecocardiografia,pecho
71,pancreatectomia,pancreas,queratoplastia,cornea
72,colpoplastia,vagina,pancreatectomia,pancreas
73,tiroidectomia,glandula,esplenectomia,bazo
74,pancreatectomia,pancreas,histerectomia,utero
75,vagotomia,nervio,onicectomia,piel
76,peritoneoscopia,abdomen,queratoplastia,cornea
77,lobotomia,cerebro,ecocardiografia,corazon
78,vagotomia,nervio,salpingooforectomia,ovario
79,vagotomia,nervio,artroscopia,articulaciones
80,tiroidectomia,glandula,apendicectomia,apendice
81,orquiectomia,testiculo,onicectomia,piel
82,ecocardiografia,pecho,aortografia,aorta
83,histerectomia,utero,aortografia,aorta
84,retinoscopia,ojo,artroplastia,articulaciones
85,tiroidectomia,glandula,queratoplastia,cornea
86,nefrectomia,riñon,ecocardiografia,corazon
87,onicectomia,piel,celiotomia,peritoneo
88,esplenectomia,bazo,mamectomia,mama
89,celiotomia,peritoneo,esofagogastroduodenoscopia,esofago
90,mamectomia,mama,esofagogastroduodenoscopia,duodeno
91,retinoscopia,ojo,mamectomia,mama
92,laringectomia,laringe,ecocardiografia,pecho
93,ventriculostomia,cerebro,nefrectomia,riñon
94,tiroidectomia,cuello,queratoplastia,cornea
95,tiroidectomia,cuello,mamografia,mama
96,tiroidectomia,glandula,clitoridectomia,clitoris
97,vagotomia,nervio,mamografia,mama
98,prostatectomia,prostata,paratiroidectomia,glandula
99,colpoplastia,vagina,mamectomia,mama
100,ventriculostomia,cerebro,retinoscopia,ojo
101,salpingooforectomia,ovario,ecocardiografia,pecho
102,nefrectomia,riñon,esofagogastroduodenoscopia,duodeno
103,rinoplastia,nariz,paratiroidectomia,glandula
104,rinoplastia,nariz,retinoscopia,ojo
105,retinoscopia,ojo,pancreatectomia,pancreas
106,salpingooforectomia,ovario,ecocardiografia,corazon
107,pancreatectomia,pancreas,aortografia,aorta
108,tiroidectomia,cuello,prostatectomia,prostata
109,celiotomia,peritoneo,histerectomia,utero
110,esplenectomia,bazo,histeroscopia,utero
111,laringotraqueoscopia,laringe,ecocardiografia,corazon
112,vagotomia,nervio,dermoabrasion,piel
113,mamografia,mama,artroscopia,articulaciones
114,ventriculostomia,cerebro,onicectomia,piel
115,tiroidectomia,cuello,ecocardiografia,corazon
116,nefrectomia,riñon,magnetoencefalografia,cerebro
117,onicectomia,piel,mamectomia,mama
118,salpingooforectomia,ovario,artroscopia,articulaciones
119,toracotomia,pecho,hepatectomia,higado
120,orquiectomia,testiculo,histerectomia,utero
121,queratoplastia,cornea,artroplastia,articulaciones
122,magnetoencefalografia,cerebro,artroplastia,articulaciones
123,ventriculostomia,cerebro,lobotomia,cerebelo
124,mamografia,mama,peritoneoscopia,abdomen
125,esplenectomia,bazo,laringotraqueoscopia,laringe
126,rinoplastia,nariz,onicectomia,piel
127,ecocardiografia,corazon,apendicectomia,apendice
128,rinoplastia,nariz,queratoplastia,cornea
129,vagotomia,nervio,clitoridectomia,clitoris
130,laringotraqueoscopia,laringe,queratoplastia,cornea
131,vagotomia,nervio,laringectomia,laringe
132,orquiectomia,testiculo,peritoneoscopia,abdomen
133,magnetoencefalografia,cerebro,ecocardiografia,pecho
134,esplenectomia,bazo,nefrectomia,riñon
135,prostatectomia,prostata,pancreatectomia,pancreas
136,tiroidectomia,cuello,laringectomia,laringe
137,queratoplastia,cornea,hepatectomia,higado
138,magnetoencefalografia,cerebro,clitoridectomia,clitoris
139,prostatectomia,prostata,lobotomia,cerebelo
140,ecocardiografia,corazon,clitoridectomia,clitoris
141,paratiroidectomia,glandula,peritoneoscopia,abdomen
142,orquiectomia,testiculo,lobotomia,cerebelo
143,celiotomia,peritoneo,dermoabrasion,piel
144,lobotomia,cerebro,celiotomia,peritoneo
145,paratiroidectomia,glandula,clitoridectomia,clitoris
146,dermoabrasion,piel,apendicectomia,apendice
147,retinoscopia,ojo,dermoabrasion,piel
148,laringotraqueoscopia,laringe,esofagogastroduodenoscopia,duodeno
149,orquiectomia,testiculo,mamografia,mama
150,hepatectomia,higado,ecocardiografia,pecho
151,lobotomia,cerebro,clitoridectomia,clitoris
152,onicectomia,piel,artroplastia,articulaciones
153,vagotomia,nervio,laringotraqueoscopia,laringe
154,mamografia,mama,histerectomia,utero
155,onicectomia,piel,ecocardiografia,pecho
156,rinoplastia,nariz,mamectomia,mama
157,esofagogastroduodenoscopia,esofago,artroscopia,articulaciones
158,mamectomia,mama,clitoridectomia,clitoris
159,ventriculostomia,cerebro,esofagogastroduodenoscopia,esofago
160,ecocardiografia,pecho,artroscopia,articulaciones
161,dermoabrasion,piel,artroscopia,articulaciones
162,toracotomia,pecho,dermoabrasion,piel
163,vagotomia,nervio,hepatectomia,higado
164,lobotomia,cerebelo,hepatectomia,higado
165,tiroidectomia,glandula,toracotomia,pecho
166,lobotomia,cerebelo,lobotomia,cerebro
167,prostatectomia,prostata,magnetoencefalografia,cerebro
168,tiroidectomia,glandula,ecocardiografia,pecho
169,celiotomia,peritoneo,histeroscopia,utero
170,laringotraqueoscopia,laringe,hepatectomia,higado
171,peritoneoscopia,abdomen,aortografia,aorta
172,paratiroidectomia,glandula,celiotomia,peritoneo
173,lobotomia,cerebelo,apendicectomia,apendice
174,salpingooforectomia,ovario,nefrectomia,riñon
175,rinoplastia,nariz,histeroscopia,utero
176,laringotraqueoscopia,laringe,celiotomia,peritoneo
177,peritoneoscopia,abdomen,esofagogastroduodenoscopia,esofago
178,mamografia,mama,ecocardiografia,pecho
179,artroplastia,articulaciones,apendicectomia,apendice
180,vagotomia,nervio,pancreatectomia,pancreas
181,salpingooforectomia,ovario,onicectomia,piel
182,ventriculostomia,cerebro,dermoabrasion,piel
183,lobotomia,cerebro,histeroscopia,utero
184,mamectomia,mama,laringotraqueoscopia,laringe
185,lobotomia,cerebro,hepatectomia,higado
186,mamectomia,mama,histerectomia,utero
187,colpoplastia,vagina,esplenectomia,bazo
188,mamectomia,mama,laringectomia,laringe
189,colpoplastia,vagina,magnetoencefalografia,cerebro
190,ventriculostomia,cerebro,laringectomia,laringe
191,rinoplastia,nariz,histerectomia,utero
192,toracotomia,pecho,retinoscopia,ojo
193,laringectomia,laringe,dermoabrasion,piel
194,prostatectomia,prostata,nefrectomia,riñon
195,prostatectomia,prostata,dermoabrasion,piel
196,salpingooforectomia,ovario,aortografia,aorta
197,lobotomia,cerebelo,queratoplastia,cornea
198,tiroidectomia,glandula,onicectomia,piel
199,tiroidectomia,glandula,artroscopia,articulaciones
200,vagotomia,nervio,ecocardiografia,pecho
201,orquiectomia,testiculo,mamectomia,mama
202,prostatectomia,prostata,laringotraqueoscopia,laringe
203,toracotomia,pecho,lobotomia,cerebelo
204,histeroscopia,utero,artroplastia,articulaciones
205,lobotomia,cerebelo,celiotomia,peritoneo
206,lobotomia,cerebelo,esofagogastroduodenoscopia,esofago
207,laringotraqueoscopia,laringe,clitoridectomia,clitoris
208,mamografia,mama,queratoplastia,cornea
209,esplenectomia,bazo,aortografia,aorta
210,esofagogastroduodenoscopia,esofago,esofagogastroduodenoscopia,duodeno
211,tiroidectomia,cuello,mamectomia,mama
212,tiroidectomia,cuello,rinoplastia,nariz
213,esplenectomia,bazo,ecocardiografia,corazon
214,nefrectomia,riñon,artroscopia,articulaciones
215,toracotomia,pecho,pancreatectomia,pancreas
216,nefrectomia,riñon,laringectomia,laringe
217,colpoplastia,vagina,retinoscopia,ojo
218,mamectomia,mama,mamografia,mama
219,paratiroidectomia,glandula,hepatectomia,higado
220,onicectomia,piel,ecocardiografia,corazon
221,vagotomia,nervio,tiroidectomia,cuello
222,tiroidectomia,glandula,esofagogastroduodenoscopia,duodeno
223,esplenectomia,bazo,hepatectomia,higado
224,onicectomia,piel,lobotomia,cerebelo
225,vagotomia,nervio,esofagogastroduodenoscopia,esofago
226,paratiroidectomia,glandula,histerectomia,utero
227,salpingooforectomia,ovario,prostatectomia,prostata
228,mamografia,mama,esofagogastroduodenoscopia,esofago
229,celiotomia,peritoneo,hepatectomia,higado
230,toracotomia,pecho,salpingooforectomia,ovario
231,ecocardiografia,pecho,artroplastia,articulaciones
232,vagotomia,nervio,mamectomia,mama
233,ecocardiografia,pecho,dermoabrasion,piel
234,ecocardiografia,pecho,clitoridectomia,clitoris
235,nefrectomia,riñon,mamectomia,mama
236,nefrectomia,riñon,clitoridectomia,clitoris
237,tiroidectomia,glandula,mamografia,mama
238,ventriculostomia,cerebro,tiroidectomia,cuello
239,paratiroidectomia,glandula,mamectomia,mama
240,laringotraqueoscopia,laringe,esofagogastroduodenoscopia,esofago
241,ventriculostomia,cerebro,ecocardiografia,corazon
242,ventriculostomia,cerebro,vagotomia,nervio
243,peritoneoscopia,abdomen,clitoridectomia,clitoris
244,vagotomia,nervio,orquiectomia,testiculo
245,mamografia,mama,dermoabrasion,piel
246,colpoplastia,vagina,mamografia,mama
247,salpingooforectomia,ovario,histerectomia,utero
248,mamectomia,mama,ecocardiografia,pecho
249,colpoplastia,vagina,celiotomia,peritoneo
250,colpoplastia,vagina,onicectomia,piel
251,colpoplastia,vagina,esofagogastroduodenoscopia,duodeno
252,tiroidectomia,glandula,hepatectomia,higado
253,salpingooforectomia,ovario,rinoplastia,nariz
254,colpoplastia,vagina,artroscopia,articulaciones
255,lobotomia,cerebro,esofagogastroduodenoscopia,esofago
256,orquiectomia,testiculo,artroscopia,articulaciones
257,artroscopia,articulaciones,aortografia,aorta
258,nefrectomia,riñon,mamografia,mama
259,laringectomia,laringe,celiotomia,peritoneo
260,esofagogastroduodenoscopia,duodeno,ecocardiografia,pecho
261,ventriculostomia,cerebro,prostatectomia,prostata
262,toracotomia,pecho,paratiroidectomia,glandula
263,rinoplastia,nariz,celiotomia,peritoneo
264,esplenectomia,bazo,ecocardiografia,pecho
265,toracotomia,pecho,ecocardiografia,pecho
266,celiotomia,peritoneo,queratoplastia,cornea
267,tiroidectomia,cuello,clitoridectomia,clitoris
268,orquiectomia,testiculo,clitoridectomia,clitoris
269,onicectomia,piel,clitoridectomia,clitoris
270,peritoneoscopia,abdomen,hepatectomia,higado
271,pancreatectomia,pancreas,mamectomia,mama
272,salpingooforectomia,ovario,lobotomia,cerebelo
273,tiroidectomia,cuello,histerectomia,utero
274,pancreatectomia,pancreas,mamografia,mama
275,mamectomia,mama,hepatectomia,higado
276,paratiroidectomia,glandula,onicectomia,piel
277,queratoplastia,cornea,histerectomia,utero
278,tiroidectomia,cuello,pancreatectomia,pancreas
279,tiroidectomia,cuello,artroscopia,articulaciones
280,salpingooforectomia,ovario,mamectomia,mama
281,ventriculostomia,cerebro,queratoplastia,cornea
282,prostatectomia,prostata,histerectomia,utero
283,mamografia,mama,celiotomia,peritoneo
284,clitoridectomia,clitoris,apendicectomia,apendice
285,ventriculostomia,cerebro,histeroscopia,utero
286,magnetoencefalografia,cerebro,apendicectomia,apendice
287,onicectomia,piel,magnetoencefalografia,cerebro
288,prostatectomia,prostata,esofagogastroduodenoscopia,esofago
289,tiroidectomia,cuello,retinoscopia,ojo
290,ventriculostomia,cerebro,peritoneoscopia,abdomen
291,salpingooforectomia,ovario,retinoscopia,ojo
292,esplenectomia,bazo,rinoplastia,nariz
293,hepatectomia,higado,ecocardiografia,corazon
294,nefrectomia,riñon,hepatectomia,higado
295,salpingooforectomia,ovario,esofagogastroduodenoscopia,esofago
296,vagotomia,nervio,ecocardiografia,corazon
297,retinoscopia,ojo,magnetoencefalografia,cerebro
298,queratoplastia,cornea,esofagogastroduodenoscopia,duodeno
299,tiroidectomia,cuello,lobotomia,cerebro
300,salpingooforectomia,ovario,laringectomia,laringe
301,pancreatectomia,pancreas,hepatectomia,higado
302,toracotomia,pecho,nefrectomia,riñon
303,rinoplastia,nariz,esofagogastroduodenoscopia,duodeno
304,colpoplastia,vagina,hepatectomia,higado
305,histeroscopia,utero,clitoridectomia,clitoris
306,toracotomia,pecho,apendicectomia,apendice
307,lobotomia,cerebelo,aortografia,aorta
308,prostatectomia,prostata,mamectomia,mama
309,colpoplastia,vagina,lobotomia,cerebro
310,vagotomia,nervio,lobotomia,cerebro
311,lobotomia,cerebelo,esofagogastroduodenoscopia,duodeno
312,histerectomia,utero,ecocardiografia,pecho
313,nefrectomia,riñon,celiotomia,peritoneo
314,tiroidectomia,cuello,histeroscopia,utero
315,prostatectomia,prostata,peritoneoscopia,abdomen
316,retinoscopia,ojo,queratoplastia,cornea
317,prostatectomia,prostata,artroscopia,articulaciones
318,colpoplastia,vagina,peritoneoscopia,abdomen
319,mamectomia,mama,esofagogastroduodenoscopia,esofago
320,tiroidectomia,cuello,orquiectomia,testiculo
321,colpoplastia,vagina,orquiectomia,testiculo
322,clitoridectomia,clitoris,artroplastia,articulaciones
323,tiroidectomia,cuello,apendicectomia,apendice
324,ventriculostomia,cerebro,magnetoencefalografia,cerebro
325,paratiroidectomia,glandula,lobotomia,cerebro
326,nefrectomia,riñon,lobotomia,cerebelo
327,esplenectomia,bazo,esofagogastroduodenoscopia,duodeno
328,orquiectomia,testiculo,hepatectomia,higado
329,toracotomia,pecho,histeroscopia,utero
330,mamografia,mama,apendicectomia,apendice
331,vagotomia,nervio,toracotomia,pecho
332,paratiroidectomia,glandula,esofagogastroduodenoscopia,esofago
333,ventriculostomia,cerebro,histerectomia,utero
334,esofagogastroduodenoscopia,esofago,ecocardiografia,corazon
335,ecocardiografia,corazon,artroscopia,articulaciones
336,lobotomia,cerebro,peritoneoscopia,abdomen
337,mamografia,mama,laringotraqueoscopia,laringe
338,salpingooforectomia,ovario,paratiroidectomia,glandula
339,ventriculostomia,cerebro,hepatectomia,higado
340,tiroidectomia,cuello,magnetoencefalografia,cerebro
341,paratiroidectomia,glandula,dermoabrasion,piel
342,toracotomia,pecho,celiotomia,peritoneo
343,artroplastia,articulaciones,aortografia,aorta
344,lobotomia,cerebro,artroscopia,articulaciones
345,lobotomia,cerebelo,peritoneoscopia,abdomen
346,orquiectomia,testiculo,ecocardiografia,pecho
347,colpoplastia,vagina,lobotomia,cerebelo
348,ventriculostomia,cerebro,orquiectomia,testiculo
349,retinoscopia,ojo,paratiroidectomia,glandula
350,histerectomia,utero,clitoridectomia,clitoris
351,mamectomia,mama,queratoplastia,cornea
352,orquiectomia,testiculo,nefrectomia,riñon
353,tiroidectomia,cuello,paratiroidectomia,glandula
354,lobotomia,cerebro,artroplastia,articulaciones
355,orquiectomia,testiculo,histeroscopia,utero
356,colpoplastia,vagina,ecocardiografia,pecho
357,esofagogastroduodenoscopia,esofago,apendicectomia,apendice
358,laringotraqueoscopia,laringe,laringectomia,laringe
359,toracotomia,pecho,esofagogastroduodenoscopia,esofago
360,laringectomia,laringe,apendicectomia,apendice
361,lobotomia,cerebelo,artroplastia,articulaciones
362,tiroidectomia,cuello,onicectomia,piel
363,ecocardiografia,corazon,aortografia,aorta
364,mamectomia,mama,magnetoencefalografia,cerebro
365,colpoplastia,vagina,histerectomia,utero
366,peritoneoscopia,abdomen,histeroscopia,utero
367,prostatectomia,prostata,ecocardiografia,corazon
368,laringectomia,laringe,esofagogastroduodenoscopia,esofago
369,salpingooforectomia,ovario,pancreatectomia,pancreas
370,ecocardiografia,pecho,apendicectomia,apendice
371,orquiectomia,testiculo,apendicectomia,apendice
372,vagotomia,nervio,magnetoencefalografia,cerebro
373,laringotraqueoscopia,laringe,artroscopia,articulaciones
374,esplenectomia,bazo,magnetoencefalografia,cerebro
375,rinoplastia,nariz,magnetoencefalografia,cerebro
376,vagotomia,nervio,artroplastia,articulaciones
377,prostatectomia,prostata,histeroscopia,utero
378,histerectomia,utero,hepatectomia,higado
379,histeroscopia,utero,esofagogastroduodenoscopia,esofago
380,prostatectomia,prostata,onicectomia,piel
381,pancreatectomia,pancreas,apendicectomia,apendice
382,pancreatectomia,pancreas,ecocardiografia,pecho
383,retinoscopia,ojo,peritoneoscopia,abdomen
384,colpoplastia,vagina,toracotomia,pecho
385,esofagogastroduodenoscopia,duodeno,artroscopia,articulaciones
386,celiotomia,peritoneo,aortografia,aorta
387,lobotomia,cerebelo,laringotraqueoscopia,laringe
388,lobotomia,cerebelo,clitoridectomia,clitoris
389,prostatectomia,prostata,mamografia,mama
390,prostatectomia,prostata,hepatectomia,higado
391,magnetoencefalografia,cerebro,esofagogastroduodenoscopia,duodeno
392,esofagogastroduodenoscopia,esofago,aortografia,aorta
393,vagotomia,nervio,esplenectomia,bazo
394,queratoplastia,cornea,histeroscopia,utero
395,esplenectomia,bazo,artroscopia,articulaciones
396,vagotomia,nervio,histerectomia,utero
397,lobotomia,cerebelo,histerectomia,utero
398,histeroscopia,utero,apendicectomia,apendice
399,orquiectomia,testiculo,aortografia,aorta
400,retinoscopia,ojo,laringectomia,laringe
401,laringectomia,laringe,clitoridectomia,clitoris
402,laringectomia,laringe,histerectomia,utero
403,ventriculostomia,cerebro,artroplastia,articulaciones
404,retinoscopia,ojo,lobotomia,cerebelo
405,retinoscopia,ojo,ecocardiografia,corazon
406,tiroidectomia,glandula,lobotomia,cerebro
407,laringotraqueoscopia,laringe,peritoneoscopia,abdomen
408,mamografia,mama,magnetoencefalografia,cerebro
409,colpoplastia,vagina,histeroscopia,utero
410,celiotomia,peritoneo,clitoridectomia,clitoris
411,rinoplastia,nariz,lobotomia,cerebelo
412,lobotomia,cerebro,esofagogastroduodenoscopia,duodeno
413,tiroidectomia,cuello,toracotomia,pecho
414,paratiroidectomia,glandula,queratoplastia,cornea
415,onicectomia,piel,histerectomia,utero
416,pancreatectomia,pancreas,onicectomia,piel
417,laringectomia,laringe,peritoneoscopia,abdomen
418,laringectomia,laringe,esofagogastroduodenoscopia,duodeno
419,queratoplastia,cornea,dermoabrasion,piel
420,tiroidectomia,cuello,esofagogastroduodenoscopia,esofago
421,lobotomia,cerebro,apendicectomia,apendice
422,tiroidectomia,cuello,aortografia,aorta
423,tiroidectomia,glandula,pancreatectomia,pancreas
424,celiotomia,peritoneo,ecocardiografia,corazon
425,tiroidectomia,glandula,histeroscopia,utero
426,ecocardiografia,corazon,ecocardiografia,pecho
427,tiroidectomia,glandula,histerectomia,utero
428,esofagogastroduodenoscopia,esofago,ecocardiografia,pecho
429,celiotomia,peritoneo,peritoneoscopia,abdomen
430,mamectomia,mama,lobotomia,cerebro
431,tiroidectomia,glandula,aortografia,aorta
432,laringotraqueoscopia,laringe,apendicectomia,apendice
433,mamografia,mama,lobotomia,cerebro
434,ventriculostomia,cerebro,artroscopia,articulaciones
435,nefrectomia,riñon,laringotraqueoscopia,laringe
436,lobotomia,cerebro,laringotraqueoscopia,laringe
437,retinoscopia,ojo,aortografia,aorta
438,mamografia,mama,hepatectomia,higado
439,rinoplastia,nariz,ecocardiografia,corazon
440,queratoplastia,cornea,aortografia,aorta
441,vagotomia,nervio,paratiroidectomia,glandula
442,laringotraqueoscopia,laringe,aortografia,aorta
443,toracotomia,pecho,mamografia,mama
444,queratoplastia,cornea,artroscopia,articulaciones
445,tiroidectomia,glandula,mamectomia,mama
446,peritoneoscopia,abdomen,artroplastia,articulaciones
447,esofagogastroduodenoscopia,duodeno,artroplastia,articulaciones
448,paratiroidectomia,glandula,lobotomia,cerebelo
449,nefrectomia,riñon,dermoabrasion,piel
450,onicectomia,piel,peritoneoscopia,abdomen
451,ventriculostomia,cerebro,colpoplastia,vagina
452,lobotomia,cerebro,dermoabrasion,piel
453,ventriculostomia,cerebro,pancreatectomia,pancreas
454,vagotomia,nervio,queratoplastia,cornea
455,laringotraqueoscopia,laringe,ecocardiografia,pecho
456,pancreatectomia,pancreas,peritoneoscopia,abdomen
457,mamectomia,mama,aortografia,aorta
458,lobotomia,cerebelo,artroscopia,articulaciones
459,toracotomia,pecho,lobotomia,cerebro
460,orquiectomia,testiculo,celiotomia,peritoneo
461,tiroidectomia,glandula,esofagogastroduodenoscopia,esofago
462,hepatectomia,higado,artroscopia,articulaciones
463,toracotomia,pecho,prostatectomia,prostata
464,vagotomia,nervio,aortografia,aorta
465,rinoplastia,nariz,peritoneoscopia,abdomen
466,pancreatectomia,pancreas,esofagogastroduodenoscopia,duodeno
467,nefrectomia,riñon,apendicectomia,apendice
468,tiroidectomia,glandula,lobotomia,cerebelo
469,toracotomia,pecho,rinoplastia,nariz
470,rinoplastia,nariz,dermoabrasion,piel
471,rinoplastia,nariz,esofagogastroduodenoscopia,esofago
472,onicectomia,piel,laringotraqueoscopia,laringe
473,peritoneoscopia,abdomen,apendicectomia,apendice
474,queratoplastia,cornea,apendicectomia,apendice
475,esplenectomia,bazo,salpingooforectomia,ovario
476,vagotomia,nervio,prostatectomia,prostata
477,salpingooforectomia,ovario,celiotomia,peritoneo
478,artroscopia,articulaciones,artroplastia,articulaciones
479,mamectomia,mama,lobotomia,cerebelo
480,laringectomia,laringe,histeroscopia,utero
481,esofagogastroduodenoscopia,duodeno,aortografia,aorta
482,magnetoencefalografia,cerebro,celiotomia,peritoneo
483,ventriculostomia,cerebro,celiotomia,peritoneo
484,colpoplastia,vagina,laringectomia,laringe
485,magnetoencefalografia,cerebro,laringotraqueoscopia,laringe
486,rinoplastia,nariz,clitoridectomia,clitoris
487,retinoscopia,ojo,orquiectomia,testiculo
488,histeroscopia,utero,histerectomia,utero
489,tiroidectomia,glandula,retinoscopia,ojo
490,ventriculostomia,cerebro,apendicectomia,apendice
491,tiroidectomia,glandula,ecocardiografia,corazon
492,esplenectomia,bazo,lobotomia,cerebro
493,tiroidectomia,glandula,prostatectomia,prostata
494,tiroidectomia,cuello,dermoabrasion,piel
495,prostatectomia,prostata,apendicectomia,apendice
496,onicectomia,piel,lobotomia,cerebro
497,magnetoencefalografia,cerebro,laringectomia,laringe
498,queratoplastia,cornea,ecocardiografia,corazon
499,celiotomia,peritoneo,apendicectomia,apendice
500,magnetoencefalografia,cerebro,lobotomia,cerebelo
501,toracotomia,pecho,orquiectomia,testiculo
502,magnetoencefalografia,cerebro,lobotomia,cerebro
503,retinoscopia,ojo,esofagogastroduodenoscopia,esofago
504,salpingooforectomia,ovario,lobotomia,cerebro
505,ecocardiografia,corazon,artroplastia,articulaciones
506,mamectomia,mama,histeroscopia,utero
507,vagotomia,nervio,nefrectomia,riñon
508,onicectomia,piel,apendicectomia,apendice
509,laringectomia,laringe,artroplastia,articulaciones
510,salpingooforectomia,ovario,peritoneoscopia,abdomen
511,toracotomia,pecho,mamectomia,mama
512,tiroidectomia,cuello,peritoneoscopia,abdomen
513,rinoplastia,nariz,orquiectomia,testiculo
514,esplenectomia,bazo,clitoridectomia,clitoris
515,ecocardiografia,corazon,dermoabrasion,piel
516,prostatectomia,prostata,artroplastia,articulaciones
517,pancreatectomia,pancreas,laringectomia,laringe
518,orquiectomia,testiculo,esofagogastroduodenoscopia,duodeno
519,pancreatectomia,pancreas,laringotraqueoscopia,laringe
520,nefrectomia,riñon,artroplastia,articulaciones
521,pancreatectomia,pancreas,artroscopia,articulaciones
522,paratiroidectomia,glandula,mamografia,mama
523,esplenectomia,bazo,onicectomia,piel
524,lobotomia,cerebelo,histeroscopia,utero
525,nefrectomia,riñon,queratoplastia,cornea
526,colpoplastia,vagina,clitoridectomia,clitoris
527,tiroidectomia,glandula,rinoplastia,nariz
528,rinoplastia,nariz,apendicectomia,apendice
529,laringectomia,laringe,hepatectomia,higado
530,mamografia,mama,aortografia,aorta
531,retinoscopia,ojo,mamografia,mama
532,magnetoencefalografia,cerebro,queratoplastia,cornea
533,vagotomia,nervio,apendicectomia,apendice
534,lobotomia,cerebelo,ecocardiografia,pecho
535,mamectomia,mama,peritoneoscopia,abdomen
536,rinoplastia,nariz,laringectomia,laringe
537,tiroidectomia,cuello,nefrectomia,riñon
538,esplenectomia,bazo,mamografia,mama
539,colpoplastia,vagina,salpingooforectomia,ovario
540,retinoscopia,ojo,laringotraqueoscopia,laringe
541,paratiroidectomia,glandula,magnetoencefalografia,cerebro
542,ventriculostomia,cerebro,laringotraqueoscopia,laringe
543,lobotomia,cerebro,histerectomia,utero
544,hepatectomia,higado,dermoabrasion,piel
545,tiroidectomia,glandula,dermoabrasion,piel
546,paratiroidectomia,glandula,pancreatectomia,pancreas
547,toracotomia,pecho,aortografia,aorta
548,mamectomia,mama,artroplastia,articulaciones
549,clitoridectomia,clitoris,aortografia,aorta
550,histerectomia,utero,esofagogastroduodenoscopia,esofago
551,colpoplastia,vagina,ecocardiografia,corazon
552,mamografia,mama,artroplastia,articulaciones
553,lobotomia,cerebro,queratoplastia,cornea
554,paratiroidectomia,glandula,artroscopia,articulaciones
555,paratiroidectomia,glandula,laringectomia,laringe
556,pancreatectomia,pancreas,histeroscopia,utero
557,ventriculostomia,cerebro,esplenectomia,bazo
558,vagotomia,nervio,retinoscopia,ojo
559,tiroidectomia,glandula,nefrectomia,riñon
560,esplenectomia,bazo,apendicectomia,apendice
561,vagotomia,nervio,peritoneoscopia,abdomen
562,colpoplastia,vagina,nefrectomia,riñon
563,tiroidectomia,cuello,tiroidectomia,glandula
564,esplenectomia,bazo,pancreatectomia,pancreas
565,ventriculostomia,cerebro,mamografia,mama
566,rinoplastia,nariz,aortografia,aorta
567,vagotomia,nervio,histeroscopia,utero
568,magnetoencefalografia,cerebro,aortografia,aorta
569,salpingooforectomia,ovario,queratoplastia,cornea
570,queratoplastia,cornea,clitoridectomia,clitoris
571,hepatectomia,higado,clitoridectomia,clitoris
572,retinoscopia,ojo,ecocardiografia,pecho
573,hepatectomia,higado,esofagogastroduodenoscopia,duodeno
574,colpoplastia,vagina,aortografia,aorta
575,hepatectomia,higado,apendicectomia,apendice
576,colpoplastia,vagina,rinoplastia,nariz
577,toracotomia,pecho,queratoplastia,cornea
578,ventriculostomia,cerebro,lobotomia,cerebro
579,tiroidectomia,glandula,celiotomia,peritoneo
580,onicectomia,piel,laringectomia,laringe
581,nefrectomia,riñon,lobotomia,cerebro
582,magnetoencefalografia,cerebro,ecocardiografia,corazon
583,retinoscopia,ojo,histerectomia,utero
584,salpingooforectomia,ovario,esofagogastroduodenoscopia,duodeno
585,esplenectomia,bazo,peritoneoscopia,abdomen
586,hepatectomia,higado,esofagogastroduodenoscopia,esofago
587,clitoridectomia,clitoris,artroscopia,articulaciones
588,esplenectomia,bazo,prostatectomia,prostata
589,dermoabrasion,piel,aortografia,aorta
590,colpoplastia,vagina,paratiroidectomia,glandula
591,esplenectomia,bazo,laringectomia,laringe
592,paratiroidectomia,glandula,orquiectomia,testiculo
593,toracotomia,pecho,clitoridectomia,clitoris
594,toracotomia,pecho,laringotraqueoscopia,laringe
595,salpingooforectomia,ovario,apendicectomia,apendice
596,colpoplastia,vagina,artroplastia,articulaciones
597,esplenectomia,bazo,esofagogastroduodenoscopia,esofago
598,magnetoencefalografia,cerebro,hepatectomia,higado
599,salpingooforectomia,ovario,dermoabrasion,piel
600,esofagogastroduodenoscopia,duodeno,ecocardiografia,corazon
601,mamectomia,mama,apendicectomia,apendice
602,prostatectomia,prostata,laringectomia,laringe
603,laringotraqueoscopia,laringe,artroplastia,articulaciones
604,rinoplastia,nariz,pancreatectomia,pancreas
605,pancreatectomia,pancreas,lobotomia,cerebro
606,histerectomia,utero,artroscopia,articulaciones
607,nefrectomia,riñon,histeroscopia,utero
608,orquiectomia,testiculo,esofagogastroduodenoscopia,esofago
609,peritoneoscopia,abdomen,histerectomia,utero
610,ventriculostomia,cerebro,mamectomia,mama
611,pancreatectomia,pancreas,esofagogastroduodenoscopia,esofago
612,toracotomia,pecho,laringectomia,laringe
613,ventriculostomia,cerebro,paratiroidectomia,glandula
614,dermoabrasion,piel,clitoridectomia,clitoris
615,onicectomia,piel,nefrectomia,riñon
616,retinoscopia,ojo,prostatectomia,prostata
617,mamografia,mama,lobotomia,cerebelo
618,retinoscopia,ojo,hepatectomia,higado
619,histeroscopia,utero,hepatectomia,higado
620,pancreatectomia,pancreas,magnetoencefalografia,cerebro
621,toracotomia,pecho,ecocardiografia,corazon
622,esplenectomia,bazo,celiotomia,peritoneo
623,ventriculostomia,cerebro,clitoridectomia,clitoris
624,tiroidectomia,glandula,paratiroidectomia,glandula
625,peritoneoscopia,abdomen,dermoabrasion,piel
626,colpoplastia,vagina,tiroidectomia,cuello
627,mamectomia,mama,artroscopia,articulaciones
628,colpoplastia,vagina,dermoabrasion,piel
629,prostatectomia,prostata,orquiectomia,testiculo
630,toracotomia,pecho,esplenectomia,bazo
631,vagotomia,nervio,esofagogastroduodenoscopia,duodeno
632,tiroidectomia,glandula,laringectomia,laringe
633,celiotomia,peritoneo,ecocardiografia,pecho
634,magnetoencefalografia,cerebro,dermoabrasion,piel
635,peritoneoscopia,abdomen,ecocardiografia,pecho
636,laringectomia,laringe,queratoplastia,cornea
637,histerectomia,utero,ecocardiografia,corazon
638,tiroidectomia,glandula,laringotraqueoscopia,laringe
639,tiroidectomia,glandula,magnetoencefalografia,cerebro
640,vagotomia,nervio,colpoplastia,vagina
641,magnetoencefalografia,cerebro,histeroscopia,utero
642,tiroidectomia,cuello,celiotomia,peritoneo
643,mamografia,mama,ecocardiografia,corazon
644,rinoplastia,nariz,artroplastia,articulaciones
645,esplenectomia,bazo,lobotomia,cerebelo
646,celiotomia,peritoneo,artroscopia,articulaciones
647,salpingooforectomia,ovario,orquiectomia,testiculo
648,salpingooforectomia,ovario,artroplastia,articulaciones
649,toracotomia,pecho,artroscopia,articulaciones
650,esplenectomia,bazo,paratiroidectomia,glandula
651,retinoscopia,ojo,celiotomia,peritoneo
652,nefrectomia,riñon,ecocardiografia,pecho
653,dermoabrasion,piel,artroplastia,articulaciones
654,paratiroidectomia,glandula,nefrectomia,riñon
655,nefrectomia,riñon,esofagogastroduodenoscopia,esofago
656,rinoplastia,nariz,mamografia,mama
657,onicectomia,piel,aortografia,aorta
658,vagotomia,nervio,lobotomia,cerebelo
659,histerectomia,utero,esofagogastroduodenoscopia,duodeno
660,mamografia,mama,laringectomia,laringe
661,prostatectomia,prostata,esofagogastroduodenoscopia,duodeno
662,retinoscopia,ojo,onicectomia,piel
663,histeroscopia,utero,esofagogastroduodenoscopia,duodeno
664,histerectomia,utero,artroplastia,articulaciones
665,apendicectomia,apendice,aortografia,aorta
666,toracotomia,pecho,histerectomia,utero
667,queratoplastia,cornea,esofagogastroduodenoscopia,esofago
668,ventriculostomia,cerebro,esofagogastroduodenoscopia,duodeno
669,histeroscopia,utero,aortografia,aorta
670,histeroscopia,utero,dermoabrasion,piel
671,esofagogastroduodenoscopia,duodeno,dermoabrasion,piel
672,salpingooforectomia,ovario,magnetoencefalografia,cerebro
673,ventriculostomia,cerebro,ecocardiografia,pecho
674,retinoscopia,ojo,esofagogastroduodenoscopia,duodeno
675,tiroidectomia,glandula,peritoneoscopia,abdomen
676,pancreatectomia,pancreas,dermoabrasion,piel
677,orquiectomia,testiculo,lobotomia,cerebro
678,queratoplastia,cornea,ecocardiografia,pecho
679,lobotomia,cerebro,aortografia,aorta
680,colpoplastia,vagina,apendicectomia,apendice
681,laringotraqueoscopia,laringe,histerectomia,utero
682,laringectomia,laringe,ecocardiografia,corazon
683,lobotomia,cerebro,ecocardiografia,pecho
684,salpingooforectomia,ovario,clitoridectomia,clitoris
685,salpingooforectomia,ovario,laringotraqueoscopia,laringe
686,esofagogastroduodenoscopia,esofago,dermoabrasion,piel
687,mamectomia,mama,celiotomia,peritoneo
688,histeroscopia,utero,artroscopia,articulaciones
689,orquiectomia,testiculo,laringectomia,laringe
690,prostatectomia,prostata,lobotomia,cerebro
691,vagotomia,nervio,tiroidectomia,glandula
692,paratiroidectomia,glandula,ecocardiografia,corazon
693,esplenectomia,bazo,retinoscopia,ojo
694,laringotraqueoscopia,laringe,histeroscopia,utero
695,artroscopia,articulaciones,apendicectomia,apendice
696,tiroidectomia,cuello,lobotomia,cerebelo
697,orquiectomia,testiculo,laringotraqueoscopia,laringe
698,lobotomia,cerebro,laringectomia,laringe
699,mamografia,mama,esofagogastroduodenoscopia,duodeno
700,orquiectomia,testiculo,magnetoencefalografia,cerebro
701,vagotomia,nervio,rinoplastia,nariz
702,paratiroidectomia,glandula,ecocardiografia,pecho
703,vagotomia,nervio,celiotomia,peritoneo
704,tiroidectomia,glandula,orquiectomia,testiculo
705,laringectomia,laringe,artroscopia,articulaciones
706,esplenectomia,bazo,queratoplastia,cornea
707,retinoscopia,ojo,apendicectomia,apendice
708,tiroidectomia,cuello,salpingooforectomia,ovario
709,rinoplastia,nariz,hepatectomia,higado
710,paratiroidectomia,glandula,esofagogastroduodenoscopia,duodeno
711,toracotomia,pecho,magnetoencefalografia,cerebro
712,salpingooforectomia,ovario,histeroscopia,utero
713,lobotomia,cerebelo,ecocardiografia,corazon
714,colpoplastia,vagina,queratoplastia,cornea
715,magnetoencefalografia,cerebro,peritoneoscopia,abdomen
716,tiroidectomia,cuello,hepatectomia,higado
717,ventriculostomia,cerebro,aortografia,aorta
718,nefrectomia,riñon,histerectomia,utero
719,rinoplastia,nariz,lobotomia,cerebro
720,peritoneoscopia,abdomen,artroscopia,articulaciones
721,colpoplastia,vagina,laringotraqueoscopia,laringe
722,histeroscopia,utero,ecocardiografia,corazon
723,nefrectomia,riñon,aortografia,aorta
724,esofagogastroduodenoscopia,duodeno,apendicectomia,apendice
725,ventriculostomia,cerebro,tiroidectomia,glandula
726,celiotomia,peritoneo,artroplastia,articulaciones
727,pancreatectomia,pancreas,artroplastia,articulaciones
728,celiotomia,peritoneo,esofagogastroduodenoscopia,duodeno
729,paratiroidectomia,glandula,artroplastia,articulaciones
730,esplenectomia,bazo,dermoabrasion,piel
731,toracotomia,pecho,peritoneoscopia,abdomen
732,colpoplastia,vagina,prostatectomia,prostata
733,magnetoencefalografia,cerebro,artroscopia,articulaciones
734,pancreatectomia,pancreas,lobotomia,cerebelo
735,onicectomia,piel,hepatectomia,higado
736,mamografia,mama,clitoridectomia,clitoris
737,esplenectomia,bazo,artroplastia,articulaciones
738,mamectomia,mama,ecocardiografia,corazon
739,colpoplastia,vagina,tiroidectomia,glandula
740,paratiroidectomia,glandula,aortografia,aorta
